State/UT,Rural_Government_Hospitals,Rural_Government_Beds,Urban_Government_Hospitals,Urban_Government_Beds,Last_Updated
ANDHRA PRADESH,193,6480,65,16658,2017-01-01
ARUNACHAL PRADESH*,208,2136,10,268,2017-12-31
ASSAM,1176,10944,50,6198,2017-12-31
BIHAR,930,6083,103,5936,2016-12-31
CHHATTISGARH,169,5070,45,4342,2016-01-01
GOA*,17,1405,25,1608,2017-12-31
GUJARAT,364,11715,122,20565,2016-12-31
HARYANA*,609,6690,59,4550,2016-12-31
HIMACHAL PRADESH*,705,5665,96,6734,2017-12-31
JAMMU AND KASHMIR,56,7234,76,4417,2016-12-30
JHARKHAND,519,5842,36,4942,2015-12-31
KARNATAKA*,2471,21072,374,49093,2017-12-31
KERALA,981,16865,299,21139,2017-01-01
MADHYA PRADESH,334,10020,117,18819,2016-01-01
MAHARASHTRA,273,12398,438,39048,2015-12-31
MANIPUR,23,730,7,697,2014-01-01
MEGHALAYA*,143,1970,14,2487,2017-12-31
MIZORAM*,56,604,34,1393,2017-12-31
NAGALAND,21,630,15,1250,2015-12-31
ORISSA*,1655,6339,149,12180,2017-12-31
PUNJAB*,510,5805,172,12128,2017-12-31
RAJASTHAN,602,21088,150,10760,2016-12-31
SIKKIM*,24,260,9,1300,2017-12-31
TAMIL NADU*,692,40179,525,37353,2017-12-31
TELANGANA*,802,7668,61,13315,2017-12-31
TRIPURA*,99,1140,56,3277,2017-12-31
UTTAR PRADESH*,4442,39104,193,37156,2017-12-31
UTTARAKHAND,410,3284,50,5228,2015-12-31
WEST BENGAL,1272,19684,294,58882,2015-01-01
ANDAMAN AND NICOBAR ISLANDS,27,575,3,500,2016-12-31
CHANDIGARH,0,0,4,778,2016-12-31
DADRA AND NAGAR HAVELI*,10,273,1,316,2017-12-31
DAMAN AND DIU,5,240,0,0,2015-12-31
NCT OF DELHI,0,0,109,24383,2015-01-01
LAKSHADWEEP,9,300,0,0,2016-01-01
PONDICHERRY,3,96,11,3473,2016-01-01
